Chunk_ID,Chunk_Index,Content,Content_Length,Quality_Score,Reliability,Source_Type,Original_Content,Enhancement_Version,book_name,chunkIndex,chunkSize,enhancementTimestamp,enhancementVersion,extractedAt,grade,loc_lines,method,publisher,qualityMetrics_chineseCharRatio,qualityMetrics_coherenceScore,qualityMetrics_lengthScore,qualityMetrics_ocrConfidence,semanticFeatures_hasDefinition,semanticFeatures_hasExperiment,semanticFeatures_hasFormulas,semanticFeatures_hasNumbers,semanticFeatures_hasQuestion,semanticFeatures_isTableContent,semanticFeatures_subjectArea,semester,source,source_file,subject,textLength
义务教育教科书·音乐五年级下册_chunk_0,0,义务教育教科书 （简谱） 五年级辽海出版社下册义务教育教科书京剧行当 （简谱） 五年级下册辽海出版社目录音乐义 务教 育教 科书 五年级下 第1单元第5单元爱星满天风采亚洲聆听让世界充满爱 3 爱的奉献 4 聆听邮递马车 32 龙江阿里郎 33 演唱划船曲 34 故乡恋情 36 实践活动歌声与微笑 6 同一首歌 8 实践活动演唱第2单元第6单元山路弯弯 OK夏令营聆听我爱家乡山和水 10 山路十八弯 11 演唱我是苗山画眉鸟 12 山歌好比春江水 14 实践活动第3单元夏令营 38 我们去爬山 39 演唱夏令营旅行歌 40 像兄弟姐妹一样亲 42 实践活动第7单元难忘的足迹蓝色的大海聆听弹起我心爱的土琵琶 16 欢欣的日子 17 聆听海滨音诗 44 演唱大海啊，故乡 45 聆听海港之夜 46 演唱海滨之歌 48 实践活动雨花石 18 红星歌 20 实践活动演唱第4单元黄土歌谣聆听第8单元聆听演唱黄土高坡 24 对花 26 看风景 27 拥军花鼓 28 戏曲乐园（三） 聆听演唱实践活动京调 52 甘洒热血写春秋 54 谁说女子不如男 56 实践活动音乐广场 58 注：带的歌曲为背唱歌曲。 AIXING MANTIAN 第单元第1单元／爱星满天爱星满天让世界充满爱 （二） 1 G 慢速陈 哲郭 峰等郭 峰深情地,562,0.3688740458015267,medium,text-extracted,义务教育教科书\n\n（简谱）\n\n五年级\n\n辽海出版社\n\n下册\n\n义务教育教科书\n\n■京剧行当\n\n（简谱）\n\n五年级下册\n\n辽海出版社\n\n目录 音乐\n\n义 务 教 育 教 科 书\n\n五年级 下\n\n第1单元\n\n第5单元\n\n爱星满天\n\n风采亚洲\n聆听\n\n让世界充满爱…………………… 3\n爱的奉献………………………… 4\n\n聆听\n\n邮递马车………………………… 32\n龙江阿里郎……………………… 33\n演唱 划船曲…………………………… 34\n故乡恋情………………………… 36\n实践活动\n\n歌声与微笑 …………………… 6\n同一首歌………………………… 8\n实践活动\n演唱\n\n第2单元\n\n第6单元\n\n山路弯弯\n\nOK夏令营\n聆听\n\n我爱家乡山和水………………… 10\n山路十八弯……………………… 11\n演唱 我是苗山画眉鸟………………… 12\n山歌好比春江水………………… 14\n实践活动\n第3单元\n\n夏令营…………………………… 38\n我们去爬山……………………… 39\n演唱 夏令营旅行歌…………………… 40\n像兄弟姐妹一样亲……………… 42\n实践活动\n\n第7单元\n\n难忘的足迹\n\n蓝色的大海\n聆听\n\n弹起我心爱的土琵琶…………… 16\n欢欣的日子……………………… 17\n\n聆听 海滨音诗………………………… 44\n演唱 大海啊，故乡 ………………… 45\n聆听 海港之夜………………………… 46\n演唱 海滨之歌………………………… 48\n实践活动\n\n雨花石 ………………………… 18\n红星歌…………………………… 20\n实践活动\n演唱\n\n第4单元\n\n黄土歌谣\n\n聆听\n\n第8单元\n\n聆听\n演唱\n\n黄土高坡………………………… 24\n对花……………………………… 26\n看风景…………………………… 27\n拥军花鼓………………………… 28\n\n戏曲乐园（三）\n聆听\n演唱\n\n实践活动\n\n京调……………………………… 52\n甘洒热血写春秋………………… 54\n谁说女子不如男………………… 56\n\n实践活动\n音乐广场…………………………………………………………………… 58\n注：带\n\n的歌曲为背唱歌曲。\n\nAIXING MANTIAN\n\n第\n\n单元\n\n第1单元／爱星满天\n\n爱星满天\n\n让世界充满爱\n（二）\n\n1= G\n慢速\n\n陈 哲 郭 峰等\n郭\n峰\n\n深情地,2.0,义务教育教科书·音乐五年级下册,0,990,2025-07-21T14:24:41.193Z,2.0,2025-07-18T13:56:08.429Z,五年级,[object Object],node-poppler,unknown,0.7945492662473794,0.5,1,,,,,true,,,general,下册,/Users/LeoQin/Documents/GitHub/PDFconvertor/training_data/小学/音乐/辽海版/义务教育教科书·音乐五年级下册.pdf,义务教育教科书·音乐五年级下册.json,音乐,7318
义务教育教科书·音乐五年级下册_chunk_1,1,实践活动京调 52 甘洒热血写春秋 54 谁说女子不如男 56 实践活动音乐广场 58 注：带的歌曲为背唱歌曲。 AIXING MANTIAN 第单元第1单元／爱星满天爱星满天让世界充满爱 （二） 1 G 慢速陈 哲郭 峰等郭 峰深情地随音乐用动作表达歌曲的情感。 2 3 词曲 第1单元／爱星满天第1单元／爱星满天爱的奉献 （女声独唱） 1 A 中速黄奇石刘诗召呼唤地词 曲聆听歌曲后你有什么感受？ 学习手语，随歌曲做一做。 这是心的呼唤这是生命的源泉 4 这是爱的奉献人人都献出一点爱 5 这是人间的春风世界将变成美好的人间第1单元／爱星满天第1单元／爱星满天歌声与微笑分组设计表演动作进行歌表演。 1 E 快板王 健谷建芬热情地词 曲歌声与微笑 （歌表演） 为歌曲齐唱部分编创节奏谱并伴奏。 例： 0 0 0 X 0 X 0 0 0 X 0 X 0 0 0 X 0 X 0 0 0 X X 6 7 第1单元／爱星满天第1单元／爱星满天同一首歌 1 D 稍快陈 孟深情地哲 胡迎节东 卫词 曲为歌曲设计不同的演唱形式，分小组表演，看哪一组演得好。 唱唱下面的旋律，它给你带来怎样的感受？ 8 9 SHANLU WANWAN 第单元第2单元／山路弯弯山路弯弯山路十八弯 （女声独唱） 我爱家乡山和水 1 A （女声独唱） 中速 1 D 吴善翎赵奎英稍慢佟文西尹建平王 原平 自由地词 曲聆听歌曲，比较歌曲谱例。 节奏 旋律 情绪 谱例谱例哼唱曲谱，感受歌曲流畅、优美、高亢的风格特征。 10 11 词曲 第2单元／山路弯弯第2单元／山路弯弯我是苗山画眉鸟分别唱唱下面两条曲调，感受苗族音乐风格的特点。 1 E 中速金 鸿韩永恩白 活泼地为 霞词 曲 1 F 1 F 边唱边跳。 12,742,0.5265444287729196,medium,text-extracted,实践活动\n\n京调……………………………… 52\n甘洒热血写春秋………………… 54\n谁说女子不如男………………… 56\n\n实践活动\n音乐广场…………………………………………………………………… 58\n注：带\n\n的歌曲为背唱歌曲。\n\nAIXING MANTIAN\n\n第\n\n单元\n\n第1单元／爱星满天\n\n爱星满天\n\n让世界充满爱\n（二）\n\n1= G\n慢速\n\n陈 哲 郭 峰等\n郭\n峰\n\n深情地\n\n随音乐用动作表达歌曲的情感。\n\n2\n\n3\n\n词\n曲\n\n第1单元／爱星满天\n\n第1单元／爱星满天\n\n爱的奉献\n（女声独唱）\n1= A\n中速\n\n黄奇石\n刘诗召\n\n呼唤地\n\n词\n曲\n\n聆听歌曲后你有什么感受？\n学习手语，随歌曲做一做。\n\n这是心的呼唤\n\n这是生命的源泉\n\n4\n\n这是爱的奉献\n\n人人都献出一点爱\n\n5\n\n这是人间的春风\n\n世界将变成美好的人间\n\n第1单元／爱星满天\n\n第1单元／爱星满天\n\n歌声与微笑\n分组设计表演动作进行歌表演。\n\n1= E\n快板\n\n王 健\n谷建芬\n\n热情地\n\n词\n曲\n\n歌声与微笑\n（歌表演）\n\n为歌曲齐唱部分编创节奏谱并伴奏。\n例：\n\n0 0 0 X 0 X│0 0 0 X 0 X│0 0 0 X 0 X│0 0 0 X X │\n│\n│\n\n│\n\n6\n\n│\n\n│\n│\n\n7\n\n第1单元／爱星满天\n\n第1单元／爱星满天\n\n同一首歌\n1= D\n稍快\n\n陈\n孟\n\n深情地\n\n哲\n\n胡迎节\n东\n\n卫\n\n词\n曲\n\n为歌曲设计不同的演唱形式，分小组表演，看哪一组演得好。\n唱唱下面的旋律，它给你带来怎样的感受？\n①\n②\n③\n\n8\n\n9\n\nSHANLU WANWAN\n\n第\n\n单元\n\n第2单元／山路弯弯\n\n山路弯弯\n山路十八弯\n（女声独唱）\n\n我爱家乡山和水\n\n1= A\n\n（女声独唱）\n\n中速\n\n1= D\n\n吴善翎\n赵奎英\n\n稍慢\n\n佟文西 尹建平\n王\n原\n平\n\n自由地\n\n词\n曲\n\n聆听歌曲，比较歌曲谱例①②。\n节\n\n奏\n\n旋\n\n律\n\n情\n\n绪\n\n谱例①\n谱例②\n哼唱曲谱，感受歌曲流畅、优美、高亢的风格特征。\n\n10\n\n11\n\n词\n曲\n\n第2单元／山路弯弯\n\n第2单元／山路弯弯\n\n我是苗山画眉鸟\n分别唱唱下面两条曲调，感受苗族音乐风格的特点。\n\n1= E\n中速\n\n金\n鸿\n韩永恩 白\n\n活泼地\n\n为\n霞\n\n词\n曲\n\n① 1= F\n\n② 1= F\n\n边唱边跳。\n\n12,2.0,义务教育教科书·音乐五年级下册,1,998,2025-07-21T14:24:41.193Z,2.0,2025-07-18T13:56:08.429Z,五年级,[object Object],node-poppler,unknown,0.7758346581875993,0.5,1,,,,,true,true,,general,下册,/Users/LeoQin/Documents/GitHub/PDFconvertor/training_data/小学/音乐/辽海版/义务教育教科书·音乐五年级下册.pdf,义务教育教科书·音乐五年级下册.json,音乐,7318
义务教育教科书·音乐五年级下册_chunk_2,2,聆听歌曲，比较歌曲谱例。 节奏 旋律 情绪 谱例谱例哼唱曲谱，感受歌曲流畅、优美、高亢的风格特征。 10 11 词曲 第2单元／山路弯弯第2单元／山路弯弯我是苗山画眉鸟分别唱唱下面两条曲调，感受苗族音乐风格的特点。 1 E 中速金 鸿韩永恩白 活泼地为 霞词 曲 1 F 1 F 边唱边跳。 12 13 第2单元／山路弯弯第2单元／山路弯弯山歌好比春江水柳州《刘三姐》剧组集体创编乔 羽编词雷振邦编曲 1 A 唱一唱，为歌曲片段设计演唱形式什么结籽高又高歌舞剧《刘三姐》选曲 1 B 柳州《刘三姐》 剧组集体创编中速 14 15 NANWANG DE ZUJI 第单元第3单元／难忘的足迹难忘的足迹欢欣的日子 （民族管弦乐） 弹起我心爱的土琵琶 1 G 电影《铁道游击队》插曲 （男声合唱） 芦芒 吕其明 1 D 词曲 朱践耳曲 气势粗犷地诙谐、生动地活泼、跳跃地管 子吹管乐器，小管音色高亢明亮，适合表现活泼热情的旋律；中管比小管低八度；大管比中管低八度，音色深沉浑厚，适合抒情性描绘。 笙吹管乐器，发音清越、高雅，音色圆润柔和，歌唱性强，吹吸都可发音，可同时演奏两音以上，常用于独奏与合奏。 按图示听辨记录全曲，说说谱例在歌曲中各出现了几次。 歌曲在进行中速度有怎样的变化，表现了什么？ 聆听主题，说说都有哪些乐器在演奏。 乐曲第三部分采用了怎样一种演奏形式？使你联想到怎样的情景？ 16 17 第3单元／难忘的足迹第3单元／难忘的足迹雨 花 1 B 中速石 肖龚 深情地仁 徐家察耀 年词 曲歌曲中的雨花石表达了怎样的寓意？ 18 19 第3单元／难忘的足迹第3单元／难忘的足迹红 星歌 电影《闪闪的红星》插曲 1 C 进行速度魏宝贵邬大为傅 庚辰 雄壮有力地词 曲按 拍指挥图示边唱歌曲《红星歌》边指挥。 为歌曲设计动作做行进歌表演。,771,0.6100632911392405,medium,text-extracted,聆听歌曲，比较歌曲谱例①②。\n节\n\n奏\n\n旋\n\n律\n\n情\n\n绪\n\n谱例①\n谱例②\n哼唱曲谱，感受歌曲流畅、优美、高亢的风格特征。\n\n10\n\n11\n\n词\n曲\n\n第2单元／山路弯弯\n\n第2单元／山路弯弯\n\n我是苗山画眉鸟\n分别唱唱下面两条曲调，感受苗族音乐风格的特点。\n\n1= E\n中速\n\n金\n鸿\n韩永恩 白\n\n活泼地\n\n为\n霞\n\n词\n曲\n\n① 1= F\n\n② 1= F\n\n边唱边跳。\n\n12\n\n13\n\n第2单元／山路弯弯\n\n第2单元／山路弯弯\n\n山歌好比春江水\n柳州《刘三姐》剧组集体创编\n乔 羽编词\n雷振邦编曲\n\n1= A\n\n唱一唱，为歌曲片段设计演唱形式\n\n什么结籽高又高\n歌舞剧《刘三姐》选曲\n1= B\n\n柳州《刘三姐》\n剧组集体创编\n\n中速\n\n14\n\n15\n\nNANWANG DE ZUJI\n\n第\n\n单元\n\n第3单元／难忘的足迹\n\n难忘的足迹\n欢欣的日子\n（民族管弦乐）\n\n弹起我心爱的土琵琶\n1= G\n\n电影《铁道游击队》插曲\n（男声合唱）\n芦 芒\n吕其明\n\n1= D\n\n词\n曲\n\n朱践耳\n\n曲\n\n气势粗犷地\n\n①\n诙谐、生动地\n\n②\n活泼、跳跃地\n\n管\n\n子\n\n吹管乐器，小管音色高亢明亮，适合表\n现活泼热情的旋律；中管比小管低八度；大\n管比中管低八度，音色深沉浑厚，适合抒情\n性描绘。\n\n笙\n吹管乐器，发音清越、高雅，音色圆润\n柔和，歌唱性强，吹吸都可发音，可同时演\n奏两音以上，常用于独奏与合奏。\n按图示听辨记录全曲，说说谱例①②在歌曲中各出现了几次。\n\n……\n歌曲在进行中速度有怎样的变化，表现了什么？\n\n聆听主题\n\n，说说都有哪些乐器在演奏。\n\n乐曲第三部分采用了怎样一种演奏形式？使你联想到怎样的情景？\n\n16\n\n17\n\n第3单元／难忘的足迹\n\n第3单元／难忘的足迹\n\n雨\n\n花\n\n1= B\n中速\n\n石\n肖\n龚\n\n深情地\n\n仁\n\n徐家察\n耀\n年\n\n词\n曲\n\n歌曲中的雨花石表达了怎样的寓意？\n\n18\n\n19\n\n第3单元／难忘的足迹\n\n第3单元／难忘的足迹\n\n红\n\n星\n\n歌\n\n电影《闪闪的红星》插曲\n1= C\n进行速度\n\n魏宝贵 邬大为\n傅\n庚\n辰\n\n雄壮有力地\n\n词\n曲\n\n按\n\n拍指挥图示边唱歌曲《红星歌》边指挥。\n\n为歌曲设计动作做行进歌表演。,2.0,义务教育教科书·音乐五年级下册,2,940,2025-07-21T14:24:41.193Z,2.0,2025-07-18T13:56:08.429Z,五年级,[object Object],node-poppler,unknown,0.8217391304347826,0.5,1,,,true,,true,true,,physics,下册,/Users/LeoQin/Documents/GitHub/PDFconvertor/training_data/小学/音乐/辽海版/义务教育教科书·音乐五年级下册.pdf,义务教育教科书·音乐五年级下册.json,音乐,7318
义务教育教科书·音乐五年级下册_chunk_3,3,雨花 1 B 中速石 肖龚 深情地仁 徐家察耀 年词 曲歌曲中的雨花石表达了怎样的寓意？ 18 19 第3单元／难忘的足迹第3单元／难忘的足迹红 星歌 电影《闪闪的红星》插曲 1 C 进行速度魏宝贵邬大为傅 庚辰 雄壮有力地词 曲按 拍指挥图示边唱歌曲《红星歌》边指挥。 为歌曲设计动作做行进歌表演。 傅庚辰（1935 ），作曲家。曾先后在八一电影制片厂、总政歌舞团、解放军艺术学院等单位任职； 曾任中国音乐家协会主席等职务。 主要作品：电影音乐《地道战》《雷锋》；歌曲 《雷锋，我们的战友》《红星照我去战斗》等。 20 21 第3单元／难忘的足迹第3单元／难忘的足迹多年以前 1 C （英）贝 22 利曲 23 HUANGTU GEYAO 第单元第4单元／黄土歌谣黄土歌谣黄土高坡 （女声独唱） 1 F 稍慢陈 苏激昂地哲 越词 曲哼唱歌曲，感受曲调高亢、明朗、粗犷的风格特点。 为歌曲划分段落。按 、 拍指挥图示边听边指挥。 24 25 第4单元／黄土歌谣第4单元／黄土歌谣对 花看 （民乐合奏） 1 F 风 1 E 陕西民歌顾冠仁编曲稍快欢快地主题是由哪件乐器演奏的？它与乐队的一问一答共出现了几次？ 陕西民歌金 波填词中速稍快乐曲前后两段在节奏上有哪些变化？ 把下面拍的旋律改编成拍并唱一唱。 1 G 26 景 27 第4单元／黄土歌谣第4单元／黄土歌谣拥军花鼓 1 E 中速陕西民歌安 波填词热烈、欢快地读读下面的节奏，用锣鼓象声词为歌曲伴奏。 分小组讨论，设计动作，按歌曲情境边唱边表演。 28 29 第4单元／黄土歌谣第4单元／黄土歌谣为下面的旋律片段排序，再连起来唱一唱，跳一跳。 击鼓传花 1 C （音乐游戏） 10人为一组，编号1 10，花中有10道题，花传到几号就完成几号题。 随琴唱一唱，学跳陕北秧歌。 边区好地方 1 A 陕西民歌贺敬之词 稍快唱一段东北二人转指挥拍 歌曲指挥拍 来一段京剧选段歌曲,812,0.6138536585365854,medium,text-extracted,雨\n\n花\n\n1= B\n中速\n\n石\n肖\n龚\n\n深情地\n\n仁\n\n徐家察\n耀\n年\n\n词\n曲\n\n歌曲中的雨花石表达了怎样的寓意？\n\n18\n\n19\n\n第3单元／难忘的足迹\n\n第3单元／难忘的足迹\n\n红\n\n星\n\n歌\n\n电影《闪闪的红星》插曲\n1= C\n进行速度\n\n魏宝贵 邬大为\n傅\n庚\n辰\n\n雄壮有力地\n\n词\n曲\n\n按\n\n拍指挥图示边唱歌曲《红星歌》边指挥。\n\n为歌曲设计动作做行进歌表演。\n\n傅庚辰（1935— ），作曲家。曾先后在八一电影\n制片厂、总政歌舞团、解放军艺术学院等单位任职；\n曾任中国音乐家协会主席等职务。\n主要作品：电影音乐《地道战》《雷锋》；歌曲\n《雷锋，我们的战友》《红星照我去战斗》等。\n\n20\n\n21\n\n第3单元／难忘的足迹\n\n第3单元／难忘的足迹\n\n多年以前\n1= C\n\n（英）贝\n\n22\n\n利\n\n曲\n\n23\n\nHUANGTU GEYAO\n\n第\n\n单元\n\n第4单元／黄土歌谣\n\n黄土歌谣\n黄土高坡\n（女声独唱）\n\n1= F\n稍慢\n\n陈\n苏\n\n激昂地\n\n哲\n越\n\n词\n曲\n\n哼唱歌曲，感受曲调高亢、明朗、粗犷的风格特点。\n为歌曲划分段落。按 、 拍指挥图示边听边指挥。\n\n24\n\n25\n\n第4单元／黄土歌谣\n\n第4单元／黄土歌谣\n\n对\n\n花\n\n看\n\n（民乐合奏）\n1= F\n\n风\n\n1= E\n陕西民歌\n顾冠仁编曲\n\n稍快\n\n欢快地\n\n主题\n\n是由哪件乐器演奏的？它与乐队的一问一答共出现了几次？\n\n陕西民歌\n金 波填词\n\n中速稍快\n\n乐曲前后两段在节奏上有哪些变化？\n\n把下面\n\n拍的旋律改编成\n\n拍并唱一唱。\n\n1= G\n\n26\n\n景\n\n27\n\n第4单元／黄土歌谣\n\n第4单元／黄土歌谣\n\n拥军花鼓\n1= E\n中速\n\n陕西民歌\n安 波填词\n\n热烈、欢快地\n\n读读下面的节奏，用锣鼓象声词为歌曲伴奏。\n\n分小组讨论，设计动作，按歌曲情境边唱边表演。\n\n28\n\n29\n\n第4单元／黄土歌谣\n\n第4单元／黄土歌谣\n\n为下面的旋律片段排序，再连起来唱一唱，跳一跳。\n\n击鼓传花\n\n1= C\n①\n\n②\n\n③\n\n④\n\n（音乐游戏）\n10人为一组，编号1—10，花中有10道题，花传到几号就完成几号题。\n\n随琴唱一唱，学跳陕北秧歌。\n\n边区好地方\n1= A\n\n陕西民歌\n贺敬之 词\n\n稍快\n\n唱一段东\n北二人转\n\n指挥 拍\n歌曲\n\n指挥 拍\n\n来一段\n京剧选段\n\n歌曲,2.0,义务教育教科书·音乐五年级下册,3,992,2025-07-21T14:24:41.193Z,2.0,2025-07-18T13:56:08.429Z,五年级,[object Object],node-poppler,unknown,0.7922437673130194,0.6,1,,,,,true,true,,physics,下册,/Users/LeoQin/Documents/GitHub/PDFconvertor/training_data/小学/音乐/辽海版/义务教育教科书·音乐五年级下册.pdf,义务教育教科书·音乐五年级下册.json,音乐,7318
义务教育教科书·音乐五年级下册_chunk_4,4,第4单元／黄土歌谣第4单元／黄土歌谣为下面的旋律片段排序，再连起来唱一唱，跳一跳。 击鼓传花 1 C （音乐游戏） 10人为一组，编号1 10，花中有10道题，花传到几号就完成几号题。 随琴唱一唱，学跳陕北秧歌。 边区好地方 1 A 陕西民歌贺敬之词 稍快唱一段东北二人转指挥拍 歌曲指挥拍 来一段京剧选段歌曲用口风琴吹奏一曲唱唱家乡美跳跳东北大秧歌给大家朗诵一首诗用竖笛吹奏一曲指挥拍 歌曲 30 31 FENGCAI YAZHOU 第单元第5单元／风采亚洲风采亚洲龙江阿里郎 （管弦乐） 邮递马车朝鲜民歌 （朝）姜珠基改编 （小合唱） 丘灯志夫词 （日） 古关裕而曲 尹钟 云译配 1 A 轻快地选择合适的节奏型，用双响筒、串铃为歌曲伴奏并分组合作表演。 32 1 E 中速 1 E 稍快乐曲中主题分别是由哪些乐器演奏的？ 用鼓或其他声音材料选用下面的节奏为乐曲的主题 X X X X 0 X 0 X X X X 0 X 0 X 33 伴奏。 第5单元／风采亚洲第5单元／风采亚洲划 船选择下面的舞蹈是哪个国家的民族舞蹈。 1 B 稍快曲 印度尼西亚民歌林 蔡冰译配活泼地 A.泰国 B.日本 C.中国 D.韩国唱一唱下列两条旋律，感受 4 与 4 在旋律中的不同效果。 1 C 34 35 第5单元／风采亚洲第5单元／风采亚洲故乡恋情分组编创伴奏并演奏，看哪组演奏得好。 1 C 泰国民歌陈小奇填词抒情地四 季歌 （竖笛、口风琴） 1 G 中速日本民歌请为这首歌曲划分段落。 歌中多次出现后半拍起唱，要注意唱准确。 36 37 OK XIALINGYING 第单元第6单元／OK夏令营 OK夏令营夏 令 （合我们去爬山 （合营 1 B 唱） 1 F 董恒波吕佳容欢快、活泼地维索茨卡雅 （前苏联） 列平 愉快地唱） 词曲,763,0.5503597122302157,medium,text-extracted,第4单元／黄土歌谣\n\n第4单元／黄土歌谣\n\n为下面的旋律片段排序，再连起来唱一唱，跳一跳。\n\n击鼓传花\n\n1= C\n①\n\n②\n\n③\n\n④\n\n（音乐游戏）\n10人为一组，编号1—10，花中有10道题，花传到几号就完成几号题。\n\n随琴唱一唱，学跳陕北秧歌。\n\n边区好地方\n1= A\n\n陕西民歌\n贺敬之 词\n\n稍快\n\n唱一段东\n北二人转\n\n指挥 拍\n歌曲\n\n指挥 拍\n\n来一段\n京剧选段\n\n歌曲\n\n用口风琴\n吹奏一曲\n\n唱唱\n家乡美\n\n跳跳东北\n大秧歌\n\n给大家朗\n诵一首诗\n用竖笛\n吹奏一曲\n\n指挥 拍\n歌曲\n\n30\n\n31\n\nFENGCAI YAZHOU\n\n第\n\n单元\n\n第5单元／风采亚洲\n\n风采亚洲\n龙江阿里郎\n（管弦乐）\n\n邮递马车\n\n朝鲜民歌\n（朝）姜珠基改编\n\n（小合唱）\n丘灯志夫 词\n（日）\n古关裕而 曲\n尹 钟 云译配\n\n1= A\n轻快地\n\n选择合适的节奏型，用双响筒、串铃为歌曲伴奏并分组合作表演。\n①\n\n②\n\n③\n\n32\n\n1= E\n\n中速\n\n1= E\n\n稍快\n\n乐曲中主题\n\n分别是由哪些乐器演奏的？\n\n用鼓或其他声音材料选用下面的节奏为乐曲的主题\n①\n\nX· X\n\nX\n\nX │0 X\n\n0 X│\n│\n\n②\n\nX\n\nX· X│0 X\n\n0 X│\n│\n\n33\n\n伴奏。\n\n第5单元／风采亚洲\n\n第5单元／风采亚洲\n\n划\n\n船\n\n选择下面的舞蹈是哪个国家的民族舞蹈。\n\n1= B\n稍快\n\n曲\n印度尼西亚民歌\n林 蔡 冰译配\n\n活泼地\n\nA.泰国\n\nB.日本\n\nC.中国\n\nD.韩国\n\n唱一唱下列两条旋律，感受“4”与“ 4”在旋律中的不同效果。\n1= C\n①\n\n②\n\n34\n\n35\n\n第5单元／风采亚洲\n\n第5单元／风采亚洲\n\n故乡恋情\n分组编创伴奏并演奏，看哪组演奏得好。\n\n1= C\n\n泰国民歌\n陈小奇填词\n\n抒情地\n\n四\n\n季\n\n歌\n\n（竖笛、口风琴）\n1= G\n中速\n\n日本民歌\n\nⅠ\nⅡ\n\n请为这首歌曲划分段落。\n歌中多次出现后半拍起唱，要注意唱准确。\n\n36\n\n37\n\nOK XIALINGYING\n\n第\n\n单元\n\n第6单元／OK夏令营\n\nOK夏令营\n夏\n\n令\n（合\n\n我们去爬山\n（合\n\n营\n\n1= B\n\n唱）\n\n1= F\n\n董恒波\n吕佳容\n\n欢快、活泼地\n维索茨卡雅\n（前苏联）\n列\n平\n\n愉快地\n\n唱）\n\n词\n曲,2.0,义务教育教科书·音乐五年级下册,4,978,2025-07-21T14:24:41.193Z,2.0,2025-07-18T13:56:08.429Z,五年级,[object Object],node-poppler,unknown,0.7598784194528876,0.5,1,,,,,true,true,,unknown,下册,/Users/LeoQin/Documents/GitHub/PDFconvertor/training_data/小学/音乐/辽海版/义务教育教科书·音乐五年级下册.pdf,义务教育教科书·音乐五年级下册.json,音乐,7318
义务教育教科书·音乐五年级下册_chunk_5,5,歌 （竖笛、口风琴） 1 G 中速日本民歌请为这首歌曲划分段落。 歌中多次出现后半拍起唱，要注意唱准确。 36 37 OK XIALINGYING 第单元第6单元／OK夏令营 OK夏令营夏 令 （合我们去爬山 （合营 1 B 唱） 1 F 董恒波吕佳容欢快、活泼地维索茨卡雅 （前苏联） 列平 愉快地唱） 词曲 分组设计造型，随歌曲《我们去爬山》表演。 歌曲前后两个部分在节奏上的变化给你带来怎样的感受？ 38 39 词曲 第6单元／OK夏令营第6单元／OK夏令营夏令营旅行歌电影《幸福儿童》插曲 1 D 刘文渺何 方活泼、愉快地词 曲边唱边律动，感受歌曲不同段落的音乐情绪。 你参加过夏令营吗？说说夏令营的感受及趣事。 40 41 第6单元／OK夏令营第6单元／OK夏令营像兄弟姐妹一样亲 1 E 魏德泮晓 丹清纯、靓丽、欢乐地词 曲有表情地演唱歌曲，感受齐唱和合唱两部分的情绪变化。 唱一唱。 1 C 42 43 LANSE DE DAHAI 第单元第7单元／蓝色的大海蓝色的大海大海啊，故乡海滨音诗 （小提琴独奏） 1 A 1 F 秦咏诚曲 稍慢王立平词曲杨鸿年编合唱深情地抒情、如歌地 1 C 宽广而激情地 1 A 主题与 的旋律有什么不同，请你用图形表现乐曲的第三部分。？ 随音乐朗诵一首赞美海的小诗。 按拍指挥图示边唱歌曲《大海啊，故乡》边指挥。 44 45 第7单元／蓝色的大海第7单元／蓝色的大海海港之夜 （萨克斯独奏） 歌词 1 B 稍慢抒情地 （前苏联）瓦索洛维约夫谢多伊曲 唱吧，朋友们，明天要起航，驶向雾茫茫大海洋。 唱吧，唱得欢，来吧老船长，快来同我们一起唱。 再见吧，亲爱的海港，明天将起程远航。 天色刚发亮，回看码头上，亲人的蓝头巾在挥扬。 晚风轻轻吹，月色泛光，怎能叫我们不歌唱。 来歌唱友情，来歌唱生活，歌声多和谐多响亮。 再见吧，亲爱的海港，明天将起程远航。 天色刚发亮，回看码头上，亲人的蓝头巾在挥扬。 萨克,823,0.579607190412783,medium,text-extracted,歌\n\n（竖笛、口风琴）\n1= G\n中速\n\n日本民歌\n\nⅠ\nⅡ\n\n请为这首歌曲划分段落。\n歌中多次出现后半拍起唱，要注意唱准确。\n\n36\n\n37\n\nOK XIALINGYING\n\n第\n\n单元\n\n第6单元／OK夏令营\n\nOK夏令营\n夏\n\n令\n（合\n\n我们去爬山\n（合\n\n营\n\n1= B\n\n唱）\n\n1= F\n\n董恒波\n吕佳容\n\n欢快、活泼地\n维索茨卡雅\n（前苏联）\n列\n平\n\n愉快地\n\n唱）\n\n词\n曲\n\n分组设计造型，随歌曲《我们去爬山》表演。\n\n歌曲前后两个部分在节奏上的变化给你带来怎样的感受？\n\n38\n\n39\n\n词\n曲\n\n第6单元／OK夏令营\n\n第6单元／OK夏令营\n\n夏令营旅行歌\n电影《幸福儿童》插曲\n1= D\n\n刘文渺\n何 方\n\n活泼、愉快地\n\n词\n曲\n\n边唱边律动，感受歌曲不同段落的音乐情绪。\n你参加过夏令营吗？说说夏令营的感受及趣事。\n\n40\n\n41\n\n第6单元／OK夏令营\n\n第6单元／OK夏令营\n\n像兄弟姐妹一样亲\n1= E\n\n魏德泮\n晓 丹\n\n清纯、靓丽、欢乐地\n\n词\n曲\n\n有表情地演唱歌曲，感受齐唱和合唱两部分的情绪变化。\n唱一唱。\n1= C\n\n42\n\n43\n\nLANSE DE DAHAI\n\n第\n\n单元\n\n第7单元／蓝色的大海\n\n蓝色的大海\n大海啊，故乡\n海滨音诗\n（小提琴独奏）\n\n1= A\n\n1= F\n秦咏诚 曲\n\n稍慢\n\n王立平词曲\n杨鸿年编合唱\n\n深情地\n\n抒情、如歌地\n\n1= C\n宽广而激情地\n\n1= A\n\n主题\n\n与\n\n的旋律有什么不同，请你用图形表现乐曲的第三部分。\n\n？\n随音乐朗诵一首赞美海的小诗。\n\n按 拍指挥图示边唱歌曲《大海啊，故乡》边指挥。\n\n44\n\n45\n\n第7单元／蓝色的大海\n\n第7单元／蓝色的大海\n\n海港之夜\n（萨克斯独奏）\n\n歌 词\n\n1= B\n稍慢\n\n抒情地\n\n（前苏联）瓦·索洛维约夫·谢多伊\n\n曲\n\n唱吧，朋友们，明天要起航，驶向雾茫茫大海洋。\n唱吧，唱得欢，来吧老船长，快来同我们一起唱。\n再见吧，亲爱的海港，明天将起程远航。\n天色刚发亮，回看码头上，亲人的蓝头巾在挥扬。\n晚风轻轻吹，月色泛光，怎能叫我们不歌唱。\n来歌唱友情，来歌唱生活，歌声多和谐多响亮。\n再见吧，亲爱的海港，明天将起程远航。\n天色刚发亮，回看码头上，亲人的蓝头巾在挥扬。\n\n萨\n\n克,2.0,义务教育教科书·音乐五年级下册,5,967,2025-07-21T14:24:41.193Z,2.0,2025-07-18T13:56:08.429Z,五年级,[object Object],node-poppler,unknown,0.7730978260869565,0.5,1,,,,,true,true,,geography,下册,/Users/LeoQin/Documents/GitHub/PDFconvertor/training_data/小学/音乐/辽海版/义务教育教科书·音乐五年级下册.pdf,义务教育教科书·音乐五年级下册.json,音乐,7318
义务教育教科书·音乐五年级下册_chunk_6,6,曲唱吧，朋友们，明天要起航，驶向雾茫茫大海洋。 唱吧，唱得欢，来吧老船长，快来同我们一起唱。 再见吧，亲爱的海港，明天将起程远航。 天色刚发亮，回看码头上，亲人的蓝头巾在挥扬。 晚风轻轻吹，月色泛光，怎能叫我们不歌唱。 来歌唱友情，来歌唱生活，歌声多和谐多响亮。 再见吧，亲爱的海港，明天将起程远航。 天色刚发亮，回看码头上，亲人的蓝头巾在挥扬。 萨克 静静的晚上，水波在荡漾，夜雾弥漫着海洋。 浪花冲击着故乡的海港，远远的手风琴声悠扬。 再见吧，亲爱的海港，明天将起程远航。 天色刚发亮，回看码头上，亲人的蓝头巾在挥扬。 斯木管乐器，因为管体通常是金属材料，使得萨克斯同时具有铜管类乐器的特性。音色柔顺且富于变化，萨克斯同时也是爵士乐队的常规乐器。 再见吧，再见吧，再见吧海港。 再见吧，再见吧，再见吧亲人。 再见吧，亲人的蓝头巾在挥扬。 （前苏联）阿丘尔庚配乐朗诵《海港之夜》歌词。 46 47 第7单元／蓝色的大海第7单元／蓝色的大海海滨之歌林 成肖 1 F 谷 （日） 稍慢田 兵为 永溪 词三 曲连译配随琴用拍划拍图示练一练。 1 C 按拍指挥图示边唱歌曲《海滨之歌》边指挥。 辨别下面的划拍手势图并填写对应的歌曲，边唱边指挥。 （ ） （ 拍指挥手势图划拍图示 ） （ ） A.《童心是小鸟》 B.《雨花石》 C.《小鸟，小鸟》 D.《像兄弟姐妹一样亲》 指挥图示 48 （ ） 49 第7单元／蓝色的大海第7单元／蓝色的大海竖笛单吐练习：用突 的口腔状态吹奏下面的旋律。 潜海姑娘 X XX 突突突 1 F 王立平曲 编写组改编 1 C 竖笛双吐练习：用突库的口腔状态吹奏下面的旋律。 XX XX 突库突库 1 F 稍慢 50 51 XIQU LEYUAN SAN 第单元第8单元／戏曲乐园（三） 戏曲乐园（三） 京剧的武场京,770,0.610608755129959,medium,text-extracted,曲\n\n唱吧，朋友们，明天要起航，驶向雾茫茫大海洋。\n唱吧，唱得欢，来吧老船长，快来同我们一起唱。\n再见吧，亲爱的海港，明天将起程远航。\n天色刚发亮，回看码头上，亲人的蓝头巾在挥扬。\n晚风轻轻吹，月色泛光，怎能叫我们不歌唱。\n来歌唱友情，来歌唱生活，歌声多和谐多响亮。\n再见吧，亲爱的海港，明天将起程远航。\n天色刚发亮，回看码头上，亲人的蓝头巾在挥扬。\n\n萨\n\n克\n\n静静的晚上，水波在荡漾，夜雾弥漫着海洋。\n浪花冲击着故乡的海港，远远的手风琴声悠扬。\n再见吧，亲爱的海港，明天将起程远航。\n天色刚发亮，回看码头上，亲人的蓝头巾在挥扬。\n\n斯\n\n木管乐器，因为管体通常是金属材\n料，使得萨克斯同时具有铜管类乐器的特\n性。音色柔顺且富于变化，萨克斯同时也\n是爵士乐队的常规乐器。\n\n再见吧，再见吧，再见吧海港。\n再见吧，再见吧，再见吧亲人。\n再见吧，亲人的蓝头巾在挥扬。\n—（前苏联）阿·丘尔庚\n\n配乐朗诵《海港之夜》歌词。\n\n46\n\n47\n\n第7单元／蓝色的大海\n\n第7单元／蓝色的大海\n\n海滨之歌\n林\n成\n肖\n\n1= F\n\n谷\n\n（日）\n\n稍慢\n\n田\n兵\n\n为\n永\n\n溪 词\n三 曲\n连译配\n\n随琴用\n\n拍划拍图示练一练。\n\n1= C\n\n按\n\n拍指挥图示边唱歌曲《海滨之歌》边指挥。\n\n辨别下面的划拍手势图并填写对应的歌曲，边唱边指挥。\n\n①\n①\n\n③\n\n②\n\n②\n（\n\n）\n\n（\n\n③\n\n④\n\n拍指挥手势图\n②\n③\n\n⑥\n\n③\n②\n\n①④\n\n⑤\n\n划拍图示\n\n②\n\n④\n\n③\n②\n\n①\n\n⑤\n\n）\n\n①④\n（\n\n⑤\n）\n\nA.《童心是小鸟》\n\nB.《雨花石》\n\nC.《小鸟，小鸟》\n\nD.《像兄弟姐妹一样亲》\n\n指挥图示\n\n48\n\n⑥\n\n①\n\n⑥\n（\n\n）\n\n49\n\n第7单元／蓝色的大海\n\n第7单元／蓝色的大海\n\n竖笛单吐练习：用“突”的口腔状态吹奏下面的旋律。\n\n潜海姑娘\n\nX XX\n突 突突\n\n1= F\n\n王立平 曲\n编写组改编\n\n1= C\n\n竖笛双吐练习：用“突库”的口腔状态吹奏下面的旋律。\n\nXX XX\n突库突库\n\n1= F\n稍慢\n\n50\n\n51\n\nXIQU LEYUAN SAN\n\n第\n\n单元\n\n第8单元／戏曲乐园（三）\n\n戏曲乐园（三）\n京剧的武场\n\n京,2.0,义务教育教科书·音乐五年级下册,6,940,2025-07-21T14:24:41.194Z,2.0,2025-07-18T13:56:08.429Z,五年级,[object Object],node-poppler,unknown,0.7864357864357865,0.7,1,,,,,true,,,geography,下册,/Users/LeoQin/Documents/GitHub/PDFconvertor/training_data/小学/音乐/辽海版/义务教育教科书·音乐五年级下册.pdf,义务教育教科书·音乐五年级下册.json,音乐,7318
义务教育教科书·音乐五年级下册_chunk_7,7,第7单元／蓝色的大海竖笛单吐练习：用突 的口腔状态吹奏下面的旋律。 潜海姑娘 X XX 突突突 1 F 王立平曲 编写组改编 1 C 竖笛双吐练习：用突库的口腔状态吹奏下面的旋律。 XX XX 突库突库 1 F 稍慢 50 51 XIQU LEYUAN SAN 第单元第8单元／戏曲乐园（三） 戏曲乐园（三） 京剧的武场京 京剧伴奏中的打击乐器称为武场。主要乐器有鼓板、大锣、铙钹、小锣四件乐器。鼓和板在京剧乐队中起指挥的作用。打击乐器音响强烈、节奏鲜明，多以烘托紧张、抒情等不同的情绪和气氛；用于重武打的武戏。（乐件象声词表示见下图） 调 （民乐小合奏） 1 F 顾冠仁编曲大锣(仓) 板(大) 聆听后说说乐曲是由哪件乐器主奏的。 随音乐唱唱主题，说说速度和旋律哪个发生了变化。 小锣(台) 单皮鼓(大) 钹(七) 读出下面锣鼓经，敲一敲。模仿京剧武生走圆场。 X X X 仓 52 X X X X X 仓才 仓才 仓才 仓 0 X X X X X X X X X X X X X X 仓台 台七 台仓 台台 七台 七台 X X X X X X X X 仓才 乙才 仓才 乙才 仓才 仓七 台 X X X 53 第8单元／戏曲乐园（三） 第8单元／戏曲乐园（三） 甘洒热血写春秋唱段简介现代京剧《智取威虎山》选段 1 F 杨子荣唱段 《甘洒热血写春秋》是现代京剧《智取威虎山》第六场打进匪窟 中的唱段，表现了侦查英雄杨子荣临危不惧、豪情满怀的大无畏气概。 随老师学唱《甘洒热血写春秋》。 模仿剧中场景片段，结合武场锣鼓经进行表演。 54 55 第8单元／戏曲乐园（三） 第8单元／戏曲乐园（三） 谁说女子不如男豫剧《花木兰》选段 1 E 中速花木兰唱段豫剧：戏曲剧种，又称河南梆子。主要流行于以河南省为中心的黄河中游地区。伴奏乐器主要有板胡、 小三弦、二胡、笛子。代表人物有常香玉、马金凤等。代表剧目有：《花木兰》《白蛇传》《朝阳沟》等。 学习唱段和表演动作进行模仿演唱。,837,0.5775217965653896,medium,text-extracted,第7单元／蓝色的大海\n\n竖笛单吐练习：用“突”的口腔状态吹奏下面的旋律。\n\n潜海姑娘\n\nX XX\n突 突突\n\n1= F\n\n王立平 曲\n编写组改编\n\n1= C\n\n竖笛双吐练习：用“突库”的口腔状态吹奏下面的旋律。\n\nXX XX\n突库突库\n\n1= F\n稍慢\n\n50\n\n51\n\nXIQU LEYUAN SAN\n\n第\n\n单元\n\n第8单元／戏曲乐园（三）\n\n戏曲乐园（三）\n京剧的武场\n\n京\n\n京剧伴奏中的打击乐器称为武场。主要乐器有鼓板、大锣、铙钹、小锣\n四件乐器。鼓和板在京剧乐队中起指挥的作用。打击乐器音响强烈、节奏鲜\n明，多以烘托紧张、抒情等不同的情绪和气氛；用于重武打的武戏。（乐件\n象声词表示见下图）\n\n调\n\n（民乐小合奏）\n1= F\n\n顾冠仁编曲\n\n大锣(仓)\n板(大)\n\n聆听后说说乐曲是由哪件乐器主奏的。\n随音乐唱唱主题\n\n，说说速度和旋律哪个发生了变化。\n\n小锣(台)\n单皮鼓(大)\n钹(七)\n\n读出下面锣鼓经，敲一敲。模仿京剧武生走圆场。\n①\n\nX\n\n—\n\n│X X\n\n仓\n②\n\n③\n\n52\n\nX\n\nX│X\n\nX\n\n│X\n\n仓 才 仓 才 仓\n\n才\n\n仓\n\n0\n\n│\n│\n\nX\n\nX X │X X\n\nX\n\nX│ X\n\nX X │X X\n\nX X│\n│\n\n仓\n\n台 台\n\n七 台 仓\n\n台 台 七 台\n\n七 台\n\nX X\n\nX\n\nX\n\nX│X\n\nX\n\n│X\n\n—\n\n仓 才 乙 才 仓 才 乙 才 仓\n\n才\n\n仓\n\n七 台\n\nX│ X X\n\n53\n\n│\n│\n\n第8单元／戏曲乐园（三）\n\n第8单元／戏曲乐园（三）\n\n甘洒热血写春秋\n\n唱段简介\n\n现代京剧《智取威虎山》选段\n1= F\n\n杨子荣唱段\n\n《甘洒热血写春秋》是现代京剧《智取威虎山》第六场—“打进匪\n窟”中的唱段，表现了侦查英雄杨子荣临危不惧、豪情满怀的大无畏气概。\n\n随老师学唱《甘洒热血写春秋》。\n模仿剧中场景片段，结合武场锣鼓经进行表演。\n\n54\n\n55\n\n第8单元／戏曲乐园（三）\n\n第8单元／戏曲乐园（三）\n\n谁说女子不如男\n豫剧《花木兰》选段\n1= E\n中速\n\n花木兰唱段\n\n豫剧：戏曲剧种，又称河南梆\n子。主要流行于以河南省为中心的黄\n河中游地区。伴奏乐器主要有板胡、\n小三弦、二胡、笛子。代表人物有常\n香玉、马金凤等。代表剧目有：《花\n木兰》《白蛇传》《朝阳沟》等。\n\n学习唱段和表演动作进行模仿演唱。,2.0,义务教育教科书·音乐五年级下册,7,997,2025-07-21T14:24:41.194Z,2.0,2025-07-18T13:56:08.429Z,五年级,[object Object],node-poppler,unknown,0.7624309392265194,0.6,1,,true,,,true,,,physics,下册,/Users/LeoQin/Documents/GitHub/PDFconvertor/training_data/小学/音乐/辽海版/义务教育教科书·音乐五年级下册.pdf,义务教育教科书·音乐五年级下册.json,音乐,7318
义务教育教科书·音乐五年级下册_chunk_8,8,54 55 第8单元／戏曲乐园（三） 第8单元／戏曲乐园（三） 谁说女子不如男豫剧《花木兰》选段 1 E 中速花木兰唱段豫剧：戏曲剧种，又称河南梆子。主要流行于以河南省为中心的黄河中游地区。伴奏乐器主要有板胡、 小三弦、二胡、笛子。代表人物有常香玉、马金凤等。代表剧目有：《花木兰》《白蛇传》《朝阳沟》等。 学习唱段和表演动作进行模仿演唱。 56 57 YINYUE GUANGCHANG YINYUE GUANGCHANG 音乐广场音乐广场音乐游戏 《让世界充满爱》 独唱 《山路十八弯》 齐唱 《拥军花鼓》 对唱 《像兄弟姐妹一样亲》 合唱 请将上面的歌曲和相应的演唱形式用线连起来。 唱唱上面的旋律，说说它们来自哪些歌曲。 灵敏的耳朵将八个玻璃杯装入水，根据水位高低调出音阶， 奏一奏你熟悉的旋律。 边听录音边看图，说说歌（乐）曲的名称。 58 59 YINYUE GUANGCHANG YINYUE GUANGCHANG 音乐广场音乐广场演 歌厅 班级音乐会 《歌声与微笑》 《划船曲》 《同一首歌》 《故乡恋情》 《我是苗山画眉鸟》 《夏令营旅行歌》 《山歌好比春江水》 《像兄弟姐妹一样亲》 《雨花石》 《大海啊，故乡》 《红星歌》 《海滨之歌》 《看风景》 《甘洒热血写春秋》 《拥军花鼓》 《谁说女子不如男》 注：带表演形式曲名表演者独唱齐唱表演唱舞蹈的歌曲为背唱歌曲。 集体舞乐器演奏配乐诗朗诵才艺表演音乐手册灵敏的耳朵演歌厅音乐知识综合表演合作探究我喜欢唱。 我能背唱。 自我评价我想和同学合作表演。 同学互评教师评价伴奏我来唱 60。 61,681,0.4925641025641026,medium,text-extracted,54\n\n55\n\n第8单元／戏曲乐园（三）\n\n第8单元／戏曲乐园（三）\n\n谁说女子不如男\n豫剧《花木兰》选段\n1= E\n中速\n\n花木兰唱段\n\n豫剧：戏曲剧种，又称河南梆\n子。主要流行于以河南省为中心的黄\n河中游地区。伴奏乐器主要有板胡、\n小三弦、二胡、笛子。代表人物有常\n香玉、马金凤等。代表剧目有：《花\n木兰》《白蛇传》《朝阳沟》等。\n\n学习唱段和表演动作进行模仿演唱。\n\n56\n\n57\n\nYINYUE GUANGCHANG\n\nYINYUE GUANGCHANG\n\n音乐广场\n\n音乐广场\n\n音乐游戏\n《让世界充满爱》\n\n独\n\n唱\n\n①\n\n《山路十八弯》\n\n齐\n\n唱\n\n②\n\n《拥军花鼓》\n\n对\n\n唱\n\n《像兄弟姐妹一样亲》\n\n合\n\n唱\n\n③\n请将上面的歌曲和相应的演唱形式用线连起来。\n④\n\n唱唱上面的旋律，说说它们来自哪些歌曲。\n\n灵敏的耳朵\n\n将八个玻璃杯装入水，根据水位高低调出音阶，\n奏一奏你熟悉的旋律。\n边听录音边看图，说说歌（乐）曲的名称。\n\n58\n\n59\n\nYINYUE GUANGCHANG\n\nYINYUE GUANGCHANG\n\n音乐广场\n\n音乐广场\n\n演 歌 厅\n\n班级音乐会\n\n《歌声与微笑》\n\n《划船曲》\n\n《同一首歌》\n\n《故乡恋情》\n\n《我是苗山画眉鸟》\n\n《夏令营旅行歌》\n\n《山歌好比春江水》\n\n《像兄弟姐妹一样亲》\n\n《雨花石》\n\n《大海啊，故乡》\n\n《红星歌》\n\n《海滨之歌》\n\n《看风景》\n\n《甘洒热血写春秋》\n\n《拥军花鼓》\n\n《谁说女子不如男》\n\n注：带\n\n表演形式\n\n曲名\n\n表演者\n\n独唱\n齐唱\n表演唱\n舞蹈\n\n的歌曲为背唱歌曲。\n\n集体舞\n乐器演奏\n配乐诗朗诵\n才艺表演\n\n音乐手册\n灵敏的耳朵\n\n演歌厅\n\n音乐知识\n\n综合表演\n\n合作探究\n\n我喜欢唱\n\n。\n\n我能背唱\n\n。\n\n自我评价\n\n☆☆☆☆☆ ☆☆☆☆☆ ☆☆☆☆☆ ☆☆☆☆☆ ☆☆☆☆���\n\n我想和同学合作表演\n\n。\n\n同学互评\n\n☆☆☆☆☆ ☆☆☆☆☆ ☆☆☆☆☆ ☆☆☆☆☆ ☆☆☆☆☆\n\n教师评价\n\n☆☆☆☆☆ ☆☆☆☆☆ ☆☆☆☆☆ ☆☆☆☆☆ ☆☆☆☆☆\n\n伴奏我来唱\n\n60\n\n。\n\n61,2.0,义务教育教科书·音乐五年级下册,8,910,2025-07-21T14:24:41.194Z,2.0,2025-07-18T13:56:08.429Z,五年级,[object Object],node-poppler,unknown,0.7290322580645161,0.5,1,,,,,true,,,general,下册,/Users/LeoQin/Documents/GitHub/PDFconvertor/training_data/小学/音乐/辽海版/义务教育教科书·音乐五年级下册.pdf,义务教育教科书·音乐五年级下册.json,音乐,7318
义务教育教科书·音乐五年级下册_chunk_9,9,音乐手册灵敏的耳朵演歌厅音乐知识综合表演合作探究我喜欢唱。 我能背唱。 自我评价我想和同学合作表演。 同学互评教师评价伴奏我来唱 60。 61 图书在版编目（C I P）数据音乐. 五年级. 下册潘兆和主编. 沈阳：辽海出版社，2014.11（2021.12重印） 义务教育教科书 ISBN 978 7 5451 2661 7 . 音 . 潘 . 音乐课小学教材 . G624.711 中国版本图书馆CIP数据核字（2014）第281500号主 编：潘兆和副 主编：王英奎本册编者：张明祥金善国郭 琳韩 阳义务教育教科书音 乐（简谱） 五年级下册戏曲百花出 版者：辽海出版社 (地址：沈阳市和平区十一纬路25号邮编：110003) 印刷 者：辽宁新华印务有限公司发 行者：辽宁省新华书店幅面尺寸：184mmx260mm 印张：4 出版时间：2014年12月第1版印刷时间：2021年12月第8次印刷责任编辑：钱力勇助理编辑：李望 封面设计：崔晓柏版式设计：崔晓柏责任校对：王守红书 定号：ISBN 978 7 5451 2661 7 价：8.15元联 系电 话：024 23284723 开发 部电 话：024 23285788 网址：http: www.lhph.com.cn 意见反馈信箱：E mail：Qianliyong 163.com，翻印必究法律顾问：辽宁普凯律师事务所王 伟如有质量问题，请与印刷厂联系调换印 刷厂 电话：024 31255233 盗版举报电话：024 23284481 盗版举报信箱：E mail：liaohaichubanshe 163.com 年姓名： 班年 姓名： 班年 姓名： 班义务教育教科书 （简谱） 五年级下册绿色印刷产品,734,0.3710894941634241,medium,text-extracted,音乐手册\n灵敏的耳朵\n\n演歌厅\n\n音乐知识\n\n综合表演\n\n合作探究\n\n我喜欢唱\n\n。\n\n我能背唱\n\n。\n\n自我评价\n\n☆☆☆☆☆ ☆☆☆☆☆ ☆☆☆☆☆ ☆☆☆☆☆ ☆☆☆☆���\n\n我想和同学合作表演\n\n。\n\n同学互评\n\n☆☆☆☆☆ ☆☆☆☆☆ ☆☆☆☆☆ ☆☆☆☆☆ ☆☆☆☆☆\n\n教师评价\n\n☆☆☆☆☆ ☆☆☆☆☆ ☆☆☆☆☆ ☆☆☆☆☆ ☆☆☆☆☆\n\n伴奏我来唱\n\n60\n\n。\n\n61\n\n图书在版编目（C I P）数据\n音乐. 五年级. 下册 / 潘兆和主编. —沈阳：辽\n海出版社，2014.11（2021.12重印）\n义务教育教科书\nISBN 978-7-5451-2661-7\nⅠ. ①音… Ⅱ. ①潘… Ⅲ. ①音乐课—小学—教材\nⅣ. ①G624.711\n中国版本图书馆CIP数据核字（2014）第281500号\n\n主\n编：潘兆和\n副 主 编：王英奎\n本册编者：张明祥\n\n金善国\n郭 琳\n\n韩\n\n阳\n\n义务教育教科书\n\n音\n\n乐（简谱）\n\n五年级下册\n戏曲百花\n■\n\n出 版 者：辽海出版社\n(地址：沈阳市和平区十一纬路25号\n\n邮编：110003)\n\n印 刷 者：辽宁新华印务有限公司\n发 行 者：辽宁省新华书店\n幅面尺寸：184mmx260mm\n印\n张：4\n出版时间：2014年12月第1版\n印刷时间：2021年12月第8次印刷\n责任编辑：钱力勇\n助理编辑：李 望\n封面设计：崔晓柏\n版式设计：崔晓柏\n责任校对：王守红\n书\n定\n\n号：ISBN 978-7-5451-2661-7\n价：8.15元\n\n联 系 电 话：024-23284723\n开 发 部 电 话：024-23285788\n网\n址：http://www.lhph.com.cn\n意见反馈信箱：E-mail：Qianliyong@163.com\n版权所有，翻印必究\n法律顾问：辽宁普凯律师事务所\n王 伟\n如有质量问题，请与印刷厂联系调换\n印 刷 厂 电 话：024-31255233\n盗版举报电话：024-23284481\n盗版举报信箱：E-mail：liaohaichubanshe@163.com\n\n年\n姓名：\n\n班\n\n年\n姓名：\n\n班\n\n年\n姓名：\n\n班\n\n义务教育教科书\n\n（简谱） 五年级下册\n\n绿色印刷产品,2.0,义务教育教科书·音乐五年级下册,9,952,2025-07-21T14:24:41.194Z,2.0,2025-07-18T13:56:08.429Z,五年级,[object Object],node-poppler,unknown,0.5658093797276853,0.5,1,,,,,true,,,physics,下册,/Users/LeoQin/Documents/GitHub/PDFconvertor/training_data/小学/音乐/辽海版/义务教育教科书·音乐五年级下册.pdf,义务教育教科书·音乐五年级下册.json,音乐,7318
义务教育教科书·音乐五年级下册_chunk_10,10,年姓名： 班年 姓名： 班年 姓名： 班义务教育教科书 （简谱） 五年级下册 产品定价：8.15元如发现印装质量问题，影响阅读，请与印厂调换批准文号：辽价发［2018］30号举报电话：12358,97,0.3230274193548387,medium,text-extracted,年\n姓名：\n\n班\n\n年\n姓名：\n\n班\n\n年\n姓名：\n\n班\n\n义务教育教科书\n\n（简谱） 五年级下册\n\n绿色印刷产品\n\n定价：8.15元\n如发现印装质量问题，影响阅读，请与印厂调换\n批准文号：辽价发［2018］30号 举报电话：12358,2.0,义务教育教科书·音乐五年级下册,10,119,2025-07-21T14:24:41.194Z,2.0,2025-07-18T13:56:08.429Z,五年级,[object Object],node-poppler,unknown,0.7096774193548387,0.5,0.545,,,,,true,,,physics,下册,/Users/LeoQin/Documents/GitHub/PDFconvertor/training_data/小学/音乐/辽海版/义务教育教科书·音乐五年级下册.pdf,义务教育教科书·音乐五年级下册.json,音乐,7318
